iter	Logloss	Accuracy
0	0.6888066281	0.75912
1	0.6844549564	0.7640266667
2	0.6802778156	0.7616266667
3	0.6758451089	0.76784
4	0.671968887	0.76808
5	0.6681181171	0.7673066667
6	0.6643084102	0.7659733333
7	0.6606091076	0.76968
8	0.6569864899	0.76648
9	0.6532469088	0.7694933333
10	0.6495991816	0.7706666667
11	0.646218215	0.76952
12	0.6430048395	0.76912
13	0.6397950253	0.7692266667
14	0.6366054141	0.7693066667
15	0.6335047078	0.7696266667
16	0.6304945548	0.7692266667
17	0.6273332004	0.76912
18	0.6244105609	0.7690933333
19	0.6215659517	0.7689866667
20	0.6187404058	0.7691466667
21	0.6158632749	0.7690933333
22	0.6130506057	0.7692266667
23	0.6104378373	0.7690666667
24	0.6079198686	0.7694133333
25	0.6054694721	0.76928
26	0.6030277586	0.7690133333
27	0.6004575059	0.7694133333
28	0.5979675412	0.7696266667
29	0.5958581761	0.76992
30	0.5934575583	0.77032
31	0.591412787	0.7708266667
32	0.5890932712	0.7710666667
33	0.5871430716	0.7710933333
34	0.584996948	0.77104
35	0.5829543473	0.7712
36	0.5810385621	0.7710933333
37	0.5791802954	0.7711733333
38	0.5773869597	0.7712
39	0.5756388673	0.77112
40	0.5735357312	0.7714133333
41	0.5718852289	0.7716266667
42	0.5702330382	0.7717866667
43	0.5685520902	0.7718133333
44	0.5668594259	0.7723466667
45	0.5651690898	0.77224
46	0.563728163	0.7732266667
47	0.562015247	0.7733866667
48	0.5606430684	0.7729866667
49	0.5592882697	0.7741333333
50	0.5577894303	0.7740266667
51	0.5564299148	0.7747466667
52	0.5548882799	0.7748
53	0.5535617416	0.7749333333
54	0.552246343	0.7750666667
55	0.5509637004	0.7748533333
56	0.5496366585	0.7747733333
57	0.5482759392	0.77488
58	0.5470488209	0.7750666667
59	0.5455446163	0.7751466667
60	0.544391748	0.7749333333
61	0.5432541577	0.7753866667
62	0.5421450813	0.7754666667
63	0.5407943097	0.77544
64	0.5396461529	0.7757066667
65	0.5385663005	0.7756266667
66	0.5374640935	0.77584
67	0.5362233124	0.7757066667
68	0.5352128286	0.77568
69	0.534290113	0.77608
70	0.5332841585	0.7763733333
71	0.5323246702	0.77608
72	0.531410626	0.7761066667
73	0.5302376846	0.7761066667
74	0.529274827	0.7760266667
75	0.5284379134	0.77624
76	0.5275197112	0.77664
77	0.5264289697	0.7763466667
78	0.525287093	0.7759733333
79	0.5244549219	0.77592
80	0.5236988478	0.7767733333
81	0.5229889948	0.77712
82	0.5222186902	0.7771733333
83	0.5215344044	0.7773066667
84	0.5207505878	0.7776266667
85	0.5200042729	0.77752
86	0.5190241474	0.7777066667
87	0.5183000216	0.7776266667
88	0.5173553821	0.77784
89	0.516645742	0.77792
90	0.5159923969	0.7781333333
91	0.5152847323	0.7785333333
92	0.5145975982	0.77816
93	0.5138797844	0.7781333333
94	0.5132356028	0.77848
95	0.5124616276	0.77848
96	0.5118618874	0.77856
97	0.5110983728	0.7786933333
98	0.5103487146	0.7786666667
99	0.5097638417	0.7786133333
100	0.5090116082	0.7787733333
101	0.508315258	0.7792
102	0.5077078691	0.7787733333
103	0.5071531339	0.7789866667
104	0.5065874245	0.7789333333
105	0.5060462401	0.7790666667
106	0.505608679	0.7791733333
107	0.505079839	0.7792533333
108	0.5043604874	0.7792533333
109	0.5038860477	0.7792533333
110	0.503353893	0.7792533333
111	0.5027579443	0.77944
112	0.5023783195	0.77928
113	0.5018730295	0.77944
114	0.501397946	0.7797866667
115	0.5009103323	0.7797333333
116	0.5003160797	0.77992
117	0.4998801112	0.77992
118	0.4993839174	0.7797866667
119	0.4988687181	0.7797066667
120	0.4984514753	0.7797066667
121	0.4980461504	0.7798133333
122	0.4975065456	0.7798933333
123	0.4971121793	0.7800533333
124	0.4966083077	0.7800266667
125	0.4962391212	0.7801066667
126	0.4956953637	0.77992
127	0.4952516536	0.7798933333
128	0.4947648807	0.78008
129	0.4943874147	0.7799466667
130	0.4939934328	0.7800266667
131	0.4936131301	0.7801333333
132	0.4932010532	0.78016
133	0.4927635985	0.77992
134	0.4923846186	0.77992
135	0.4920713745	0.7800266667
136	0.4917297402	0.7801866667
137	0.4913643274	0.7801066667
138	0.491005827	0.7800266667
139	0.4907216315	0.78008
140	0.4903687955	0.78016
141	0.4900383623	0.7803733333
142	0.4897066856	0.7804533333
143	0.4893539431	0.7803466667
144	0.4890641955	0.7804533333
145	0.488695334	0.7807733333
146	0.4883237538	0.78088
147	0.4880226647	0.7806933333
148	0.4876988504	0.7806133333
149	0.4873134311	0.7805066667
150	0.4870008185	0.7807466667
151	0.4866149334	0.7805066667
152	0.4863376046	0.78064
153	0.4860760155	0.7806933333
154	0.4857590272	0.7807733333
155	0.4855076275	0.7806933333
156	0.4852444377	0.78072
157	0.4849788019	0.7806933333
158	0.4847124964	0.78088
159	0.4844384103	0.78088
160	0.4842280072	0.78104
161	0.484000853	0.7810933333
162	0.4836972273	0.7809066667
163	0.483444465	0.78096
164	0.4830896877	0.78112
165	0.4828518712	0.7813066667
166	0.4825600814	0.7812533333
167	0.4822843147	0.7812533333
168	0.4820319726	0.7813333333
169	0.4818413672	0.7816266667
170	0.4816408664	0.7816266667
171	0.4813962679	0.7818666667
172	0.4811692969	0.7820533333
173	0.4809725694	0.7820266667
174	0.4807235656	0.7818933333
175	0.4805385858	0.782
176	0.480352674	0.7819466667
177	0.4801357392	0.7819466667
178	0.4799042161	0.78208
179	0.4797354724	0.7821333333
180	0.479453369	0.7821066667
181	0.4792700915	0.7820533333
182	0.4790740386	0.7821866667
183	0.4788995279	0.7822133333
184	0.4786858594	0.7821333333
185	0.478503821	0.78232
186	0.4783115375	0.7822133333
187	0.4781417092	0.7821866667
188	0.4779569148	0.7822666667
189	0.4777217362	0.78232
190	0.4775668706	0.7824533333
191	0.4774133111	0.7824266667
192	0.4772508397	0.7824533333
193	0.4770791031	0.78248
194	0.4769051222	0.7826933333
195	0.4767253911	0.78288
196	0.4765363757	0.78264
197	0.4763675236	0.7824266667
198	0.4762011001	0.78248
199	0.4760476678	0.7825066667
200	0.4758112347	0.7825333333
201	0.4756515125	0.7826933333
202	0.4754871984	0.7828
203	0.4753279935	0.7826666667
204	0.4751669769	0.78272
205	0.4750158808	0.7827733333
206	0.4748532533	0.7826933333
207	0.4746899147	0.78272
208	0.4745060747	0.7828266667
209	0.4743343087	0.78288
210	0.4742238577	0.7829066667
211	0.4740817069	0.7830133333
212	0.4738907682	0.7830133333
213	0.4737290835	0.7832
214	0.4735149995	0.78304
215	0.4733639277	0.78296
216	0.4731695984	0.7829333333
217	0.4730321616	0.78312
218	0.4729115766	0.7831466667
219	0.4727934496	0.7831466667
220	0.4726765484	0.7832533333
221	0.4725555753	0.78328
222	0.4724259406	0.78336
223	0.4722254621	0.7833866667
224	0.4720807665	0.78336
225	0.4718926224	0.7832266667
226	0.4717770544	0.7832266667
227	0.4716484962	0.7832266667
228	0.4715009168	0.78312
229	0.4713629659	0.78312
230	0.4711996214	0.7831733333
231	0.4710809086	0.78304
232	0.4709892712	0.7831733333
233	0.4708662026	0.7832
234	0.4707585935	0.7832
235	0.4706535651	0.7832
236	0.4705339945	0.7833066667
237	0.4704304056	0.78336
238	0.4703061758	0.7833333333
239	0.4701842587	0.7834933333
240	0.4700872831	0.7834933333
241	0.4699846508	0.7834933333
242	0.4698751938	0.7834933333
243	0.4697660213	0.78352
244	0.4696419028	0.7834666667
245	0.4695427647	0.7836
246	0.4694348451	0.7836266667
247	0.4693497204	0.7835733333
248	0.4692591644	0.78376
249	0.4691316264	0.7836533333
250	0.4690323279	0.7837333333
251	0.4689234237	0.7837066667
252	0.4688044626	0.7836533333
253	0.4686955021	0.7836533333
254	0.4685753994	0.7837066667
255	0.4684895435	0.7836266667
256	0.4683585063	0.7836
257	0.4682791035	0.7836533333
258	0.4681726725	0.7838133333
259	0.4680817206	0.7835733333
260	0.4679925799	0.7836533333
261	0.4678949224	0.7835733333
262	0.4677501353	0.7836266667
263	0.4676707991	0.78352
264	0.4675261298	0.7835733333
265	0.4674429252	0.7835733333
266	0.4673385054	0.7836266667
267	0.4672558205	0.78352
268	0.4671616864	0.78352
269	0.4670629267	0.78376
270	0.4669540924	0.78376
271	0.4668821838	0.7837066667
272	0.4667525973	0.7835733333
273	0.4666886405	0.7836266667
274	0.4665471082	0.78376
275	0.4664681552	0.78384
276	0.4663911807	0.7839466667
277	0.4663119725	0.78384
278	0.466231462	0.78392
279	0.4661525614	0.7838133333
280	0.4660624191	0.78392
281	0.4660050517	0.7841333333
282	0.4658845162	0.7839733333
283	0.4658110347	0.7840533333
284	0.4657256478	0.7840266667
285	0.46563972	0.784
286	0.4655580074	0.7840266667
287	0.4654807411	0.784
288	0.4654078212	0.78424
289	0.4653414114	0.7843733333
290	0.4652815354	0.7843733333
291	0.4652155622	0.7843733333
292	0.4651391607	0.7847733333
293	0.4650589466	0.78472
294	0.4649615165	0.7845866667
295	0.4648886067	0.7848
296	0.4648152464	0.7848266667
297	0.4647400966	0.7849333333
298	0.4646102642	0.7851733333
299	0.4645421471	0.7852533333
300	0.4644896479	0.7854666667
301	0.4644299285	0.78552
302	0.4643678712	0.7855466667
303	0.4642932157	0.7854933333
304	0.4642370802	0.7857066667
305	0.4641849945	0.7857333333
306	0.4641169291	0.78576
307	0.4640522615	0.7858666667
308	0.4640022141	0.786
309	0.4639346352	0.786
310	0.4638850838	0.7860533333
311	0.4637984795	0.7861333333
312	0.4637513382	0.7861333333
313	0.4636860852	0.7862933333
314	0.4636217946	0.7861333333
315	0.4635283103	0.7862133333
316	0.4634546369	0.7862666667
317	0.4634016436	0.7862666667
318	0.4633343439	0.7863733333
319	0.4632577647	0.7864
320	0.4632110207	0.78632
321	0.4631476106	0.78632
322	0.4630949832	0.7864533333
323	0.463017926	0.7863733333
324	0.4629651782	0.7863466667
325	0.4629150506	0.78632
326	0.462856146	0.78648
327	0.4627902914	0.78656
328	0.4627338915	0.7865866667
329	0.4626940738	0.7866133333
330	0.4626357269	0.7866666667
331	0.4625753139	0.7866933333
332	0.4625211125	0.7868533333
333	0.462457037	0.78672
334	0.4623959816	0.7866133333
335	0.4623457526	0.7865866667
336	0.4622953302	0.7864533333
337	0.4622512002	0.78656
338	0.4622064322	0.7865066667
339	0.4621370593	0.7865866667
340	0.4621009256	0.7865333333
341	0.4620408053	0.7865066667
342	0.4619764726	0.7865866667
343	0.461924751	0.78656
344	0.4618776968	0.7866666667
345	0.4618249577	0.7867466667
346	0.4617663613	0.7868533333
347	0.4617278811	0.7868266667
348	0.4616832703	0.7869066667
349	0.4616419292	0.78688
350	0.4615909774	0.7869333333
351	0.4615384443	0.7870933333
352	0.4614905575	0.7870666667
353	0.4614389397	0.7870933333
354	0.4613990981	0.78712
355	0.4613360719	0.78712
356	0.461288625	0.7870933333
357	0.4612551091	0.7871466667
358	0.4611985176	0.7871466667
359	0.4611519653	0.7873066667
360	0.4611001182	0.7872266667
361	0.4610494347	0.78728
362	0.4609872838	0.7873333333
363	0.4609424605	0.78744
364	0.4609168366	0.7874933333
365	0.4608772216	0.7874666667
366	0.4608183816	0.7873866667
367	0.4607731651	0.78736
368	0.4607339323	0.7874133333
369	0.4606825917	0.7873866667
370	0.4606245522	0.78744
371	0.4605391231	0.7877066667
372	0.4604945203	0.7876533333
373	0.4604360221	0.7877333333
374	0.4603992651	0.7877866667
375	0.4603525068	0.7878933333
376	0.4603112477	0.7878666667
377	0.4602640489	0.7877866667
378	0.4602072745	0.78784
379	0.4601562314	0.7879466667
380	0.4601127997	0.7880533333
381	0.4600676074	0.78792
382	0.460024947	0.7879733333
383	0.4599856324	0.7880533333
384	0.4599204333	0.7881066667
385	0.4598704013	0.7881066667
386	0.4598393132	0.7882666667
387	0.4597928145	0.7881333333
388	0.4597510019	0.7881333333
389	0.4596987297	0.78808
390	0.4596643799	0.788
391	0.4595979681	0.7880533333
392	0.4595478726	0.788
393	0.4594859751	0.7881333333
394	0.459381557	0.7881333333
395	0.4593330753	0.7881333333
396	0.4592877194	0.7880533333
397	0.4592577345	0.78808
398	0.4592096351	0.7881333333
399	0.4591287532	0.78832
400	0.4590795284	0.78824
401	0.4590453421	0.7882133333
402	0.4590089724	0.7883733333
403	0.4589481828	0.7883733333
404	0.458916511	0.7883466667
405	0.4588703305	0.7884266667
406	0.4587972879	0.7884266667
407	0.4587644137	0.7884
408	0.4587236751	0.78848
409	0.4586837968	0.7885333333
410	0.4586352499	0.7885866667
411	0.4585910746	0.78864
412	0.4585460105	0.78864
413	0.4585012123	0.78856
414	0.4584571966	0.7886133333
415	0.4584211667	0.7887733333
416	0.4583839957	0.78872
417	0.4583571288	0.7887733333
418	0.4583130853	0.78872
419	0.4582614581	0.7886933333
420	0.458221115	0.7888266667
421	0.4581906909	0.7888533333
422	0.4581184675	0.7890133333
423	0.4580821528	0.78904
424	0.4580469858	0.7889066667
425	0.4580201794	0.7889866667
426	0.4579702185	0.7889066667
427	0.457932665	0.7890133333
428	0.457887488	0.7889866667
429	0.4578513076	0.78896
430	0.4577725755	0.78912
431	0.4577443767	0.7890666667
432	0.4576989764	0.7889333333
433	0.4576527807	0.7888266667
434	0.4576182754	0.7889333333
435	0.4575670112	0.78896
436	0.4575150796	0.7888533333
437	0.4574906959	0.7889333333
438	0.4574551492	0.7888533333
439	0.4573865404	0.7889333333
440	0.4573483973	0.7890133333
441	0.4573078217	0.78896
442	0.4572663238	0.7888
443	0.4572376957	0.7888533333
444	0.4572009152	0.7889866667
445	0.4571668202	0.7890666667
446	0.4571402207	0.7891733333
447	0.4571045298	0.7892
448	0.4570630023	0.78912
449	0.4570203685	0.7890933333
450	0.4569875071	0.78928
451	0.4569547681	0.78936
452	0.4569330619	0.7894666667
453	0.4568870154	0.78952
454	0.4568625956	0.78944
455	0.4568246585	0.7894133333
456	0.456793806	0.7895466667
457	0.4567669856	0.7894933333
458	0.4567307864	0.7893866667
459	0.4566898133	0.7893333333
460	0.4566441573	0.7893333333
461	0.4566163207	0.7894133333
462	0.4565838148	0.78944
463	0.4565441839	0.78936
464	0.4565068673	0.78944
465	0.4564684122	0.7894133333
466	0.4564319777	0.7894666667
467	0.4564062967	0.78936
468	0.4563560165	0.78936
469	0.456318325	0.7895466667
470	0.4562858195	0.7896
471	0.4562199131	0.78952
472	0.456183738	0.7894933333
473	0.4561563588	0.7895733333
474	0.4561017792	0.7896266667
475	0.4560752234	0.78968
476	0.4560595112	0.7896533333
477	0.4560304964	0.7897066667
478	0.456003071	0.78968
479	0.4559618371	0.7897333333
480	0.4559178326	0.7898666667
481	0.4558805238	0.7898133333
482	0.4558530622	0.7898933333
483	0.455822627	0.7897333333
484	0.4557697677	0.7898933333
485	0.4557291593	0.78968
486	0.4556719517	0.7898933333
487	0.455637026	0.7899466667
488	0.455567675	0.7898933333
489	0.4555395548	0.78992
490	0.4555005743	0.78984
491	0.455470453	0.7898133333
492	0.4554405497	0.7898666667
493	0.4554108632	0.78992
494	0.4553790549	0.7899733333
495	0.4553439737	0.79
496	0.4553069259	0.7898933333
497	0.4552884201	0.7898933333
498	0.455264259	0.78984
499	0.4552447876	0.78992
500	0.4552139766	0.7898933333
501	0.4551774858	0.7899733333
502	0.4551487997	0.78992
503	0.4551223404	0.78984
504	0.4550904953	0.7897866667
505	0.4550649742	0.7898666667
506	0.4550037761	0.7898666667
507	0.4549677073	0.7898933333
508	0.4549443419	0.7899466667
509	0.4549097573	0.7899733333
510	0.4548776957	0.7901066667
511	0.454845132	0.7901866667
512	0.4548326052	0.79016
513	0.4547983185	0.7901866667
514	0.45477914	0.79024
515	0.4547516505	0.79024
516	0.4547238016	0.7902666667
517	0.4546840349	0.7902933333
518	0.4546542757	0.79024
519	0.4546190134	0.7902666667
520	0.4545855684	0.79024
521	0.4545510315	0.79032
522	0.4545327672	0.79032
523	0.4545038722	0.7904
524	0.4544796953	0.7903733333
525	0.4544679054	0.7903733333
526	0.4544475704	0.7904533333
527	0.4544190468	0.7904533333
528	0.4543987412	0.7904533333
529	0.4543832403	0.7904
530	0.4543593037	0.7904266667
531	0.4543318159	0.7904266667
532	0.4543128768	0.7904533333
533	0.4542804427	0.7904533333
534	0.4542578602	0.7903466667
535	0.4542075558	0.79048
536	0.4541823816	0.79064
537	0.454152692	0.79064
538	0.4541220149	0.7906133333
539	0.4541119285	0.7905866667
540	0.4540913646	0.79056
541	0.454070371	0.7905866667
542	0.4540446825	0.79064
543	0.4540181483	0.7906933333
544	0.4539885315	0.7906933333
545	0.4539558341	0.7908
546	0.4539264698	0.7909066667
547	0.4539016639	0.79088
548	0.4538786187	0.7909333333
549	0.4538509632	0.7908533333
550	0.4538148592	0.7909066667
551	0.4537574928	0.79096
552	0.4537363791	0.7910133333
553	0.453717258	0.7910133333
554	0.4536998434	0.79104
555	0.4536627934	0.7910666667
556	0.453631059	0.79112
557	0.453599024	0.79096
558	0.4535631073	0.7910133333
559	0.4535374785	0.7910666667
560	0.4535173385	0.79104
561	0.4534989133	0.79104
562	0.4534847404	0.79104
563	0.4534573694	0.79112
564	0.45343966	0.79112
565	0.4533977152	0.7911733333
566	0.4533688411	0.7912
567	0.4533470408	0.79128
568	0.4533192384	0.7912266667
569	0.4532986564	0.7914133333
570	0.453272937	0.7913333333
571	0.4532349833	0.79144
572	0.4532108768	0.7913866667
573	0.4531841311	0.7913866667
574	0.4531646443	0.7914133333
575	0.4531287237	0.7913066667
576	0.4530959024	0.7913866667
577	0.4530786203	0.79136
578	0.4530454486	0.7913066667
579	0.4530096251	0.7913333333
580	0.4529740327	0.79152
581	0.4529533975	0.7914933333
582	0.4529300434	0.79152
583	0.4529033131	0.7915733333
584	0.4528851093	0.7914666667
585	0.4528645978	0.7913066667
586	0.452834855	0.79152
587	0.4528113203	0.7916266667
588	0.4527675594	0.7914666667
589	0.452750616	0.7916
590	0.4527242866	0.7916
591	0.4526988844	0.7916266667
592	0.4526455401	0.7916
593	0.4526154461	0.7916
594	0.4525612517	0.7915466667
595	0.4525234747	0.7915466667
596	0.4524951876	0.7915466667
597	0.4524732641	0.7914666667
598	0.4524170024	0.7915466667
599	0.4523796906	0.7914666667
600	0.4523626996	0.79144
601	0.452346136	0.7914133333
602	0.4523091774	0.7914933333
603	0.4522913722	0.79144
604	0.4522759749	0.7914666667
605	0.452248975	0.7916533333
606	0.4522194312	0.7914666667
607	0.4522005321	0.7914666667
608	0.4521883953	0.7914666667
609	0.4521557795	0.7915733333
610	0.4521309605	0.7914933333
611	0.4521140109	0.79152
612	0.4520923113	0.7917866667
613	0.4520648244	0.79184
614	0.452042867	0.7917866667
615	0.4520220987	0.7917866667
616	0.4520047794	0.79184
617	0.4519681525	0.7918933333
618	0.451938952	0.7917866667
619	0.4519115646	0.79184
620	0.4518867337	0.7918666667
621	0.451859752	0.792
622	0.4518458144	0.79192
623	0.4518277875	0.792
624	0.4517962095	0.7919733333
625	0.4517740524	0.79184
626	0.4517552378	0.79184
627	0.4517318552	0.7919466667
628	0.4516683238	0.79192
629	0.451650522	0.7919466667
630	0.4516208078	0.792
631	0.4515991273	0.7920266667
632	0.4515810083	0.7920533333
633	0.4515554178	0.79208
634	0.4515438047	0.7921333333
635	0.4515277953	0.7921333333
636	0.4515101111	0.79216
637	0.4514310255	0.79216
638	0.4514138271	0.7922133333
639	0.4513980092	0.7921866667
640	0.4513744442	0.79224
641	0.4513652275	0.7922133333
642	0.4513373203	0.7921866667
643	0.4513155317	0.7922666667
644	0.4512846881	0.7922133333
645	0.4512602108	0.7922933333
646	0.4512433455	0.7922933333
647	0.4512088232	0.7922933333
648	0.4511722381	0.79224
649	0.4511493649	0.79224
650	0.4511293854	0.7922666667
651	0.4510945259	0.7922933333
652	0.4510660374	0.7923466667
653	0.4510401531	0.79232
654	0.4510166453	0.7924266667
655	0.45099286	0.7924266667
656	0.4509765128	0.79248
657	0.4509569022	0.7923466667
658	0.4509422269	0.7923466667
659	0.4509161439	0.7923466667
660	0.4509023517	0.7923733333
661	0.4508694442	0.7924
662	0.4508455773	0.7922666667
663	0.4508194082	0.7922666667
664	0.4508014572	0.7923733333
665	0.4507780694	0.7924
666	0.450754288	0.7924266667
667	0.4507243109	0.7923466667
668	0.4507062364	0.7924
669	0.450673924	0.7924266667
670	0.4506571462	0.7923466667
671	0.4506341639	0.7922933333
672	0.4506058005	0.7923733333
673	0.4505816628	0.7924
674	0.45053186	0.79248
675	0.4505077553	0.79256
676	0.450463961	0.79256
677	0.4504370859	0.7925066667
678	0.4504015917	0.79256
679	0.4503793129	0.79264
680	0.4503725565	0.79264
681	0.4503460454	0.7925866667
682	0.4503295995	0.7925866667
683	0.4503150054	0.7925866667
684	0.4502944923	0.7926133333
685	0.4502753523	0.7925866667
686	0.4502528312	0.7925866667
687	0.4502371801	0.79256
688	0.4502217905	0.79264
689	0.4501932324	0.79264
690	0.4501727839	0.7926133333
691	0.4501395602	0.7925866667
692	0.4501216539	0.7925333333
693	0.450098129	0.7925866667
694	0.450075628	0.7926133333
695	0.4500596633	0.7926933333
696	0.4500374286	0.7927733333
697	0.4500146381	0.7928
698	0.4499934574	0.7928533333
699	0.4499648576	0.7928266667
700	0.4499418565	0.7927733333
701	0.4499261749	0.7926933333
702	0.4499097324	0.79272
703	0.4498646982	0.7926933333
704	0.4498570867	0.7926666667
705	0.4498467883	0.7926133333
706	0.4498270631	0.79272
707	0.4497966958	0.7926133333
708	0.449770865	0.7927466667
709	0.4497507127	0.7927466667
710	0.4497134078	0.7926933333
711	0.4496713604	0.7926666667
712	0.4496459695	0.7926666667
713	0.4496189724	0.79264
714	0.4496028231	0.79272
715	0.4495846183	0.7926933333
716	0.4495615799	0.7927733333
717	0.4495441487	0.7926666667
718	0.449517734	0.79264
719	0.4494912753	0.79272
720	0.4494677931	0.7928533333
721	0.4494502185	0.7929333333
722	0.4494309231	0.7928266667
723	0.449405958	0.7928533333
724	0.4493854916	0.7929066667
725	0.4493304735	0.7928533333
726	0.449306616	0.7929066667
727	0.4492808893	0.7929333333
728	0.449255602	0.7930133333
729	0.4492406768	0.7929866667
730	0.4492219348	0.7929866667
731	0.4492040038	0.79304
732	0.4491582025	0.79312
733	0.4491333096	0.79312
734	0.4491166047	0.7931733333
735	0.4490917294	0.7932
736	0.4490645721	0.7933066667
737	0.449037894	0.79328
738	0.4490104485	0.7933333333
739	0.4489869333	0.79336
740	0.4489541683	0.7933866667
741	0.4489375715	0.7933066667
742	0.448917245	0.7933866667
743	0.4488996123	0.7933066667
744	0.4488818317	0.7933333333
745	0.4488633767	0.7933333333
746	0.4488415992	0.7933066667
747	0.4488217885	0.7931733333
748	0.4487974311	0.7932
749	0.4487776687	0.7933066667
750	0.4487476417	0.7933066667
751	0.4487329139	0.7933866667
752	0.4487245476	0.7934133333
753	0.4487064823	0.79352
754	0.4486919547	0.79352
755	0.4486805429	0.79352
756	0.4486605639	0.79344
757	0.4486387158	0.7934666667
758	0.4486247156	0.79344
759	0.4486055876	0.7934666667
760	0.4485873413	0.7934133333
761	0.448563477	0.7933866667
762	0.4485563061	0.7934933333
763	0.4485358933	0.7934666667
764	0.4485234793	0.79344
765	0.4485055788	0.7933866667
766	0.44847177	0.7934933333
767	0.4484575281	0.7933866667
768	0.4484359742	0.7933866667
769	0.4484172746	0.79352
770	0.4484040338	0.7934933333
771	0.4483783318	0.7936533333
772	0.4483612654	0.7936
773	0.4483355628	0.7936
774	0.4483138865	0.7936266667
775	0.4482904849	0.7936533333
776	0.4482724646	0.7936533333
777	0.4482585279	0.7937066667
778	0.448231735	0.79376
779	0.448218915	0.79376
780	0.4482019233	0.79376
781	0.4481886762	0.7937333333
782	0.4481751692	0.7937333333
783	0.4481640761	0.79376
784	0.4481414683	0.7938933333
785	0.4481236445	0.7938133333
786	0.4480956219	0.7937866667
787	0.4480696384	0.7937866667
788	0.4480580046	0.7937333333
789	0.4480477673	0.79376
790	0.4480164325	0.7938666667
791	0.4480068292	0.79384
792	0.4479756733	0.7937866667
793	0.4479488761	0.7937333333
794	0.4479356956	0.79376
795	0.4479178313	0.79376
796	0.4479073284	0.7937866667
797	0.4478960702	0.79392
798	0.4478850313	0.79392
799	0.4478602042	0.7939733333
800	0.447835853	0.7939733333
801	0.4478229446	0.794
802	0.4478086933	0.7940266667
803	0.4477886627	0.7939733333
804	0.447753239	0.79408
805	0.4477286924	0.7939733333
806	0.4477163795	0.794
807	0.4476811029	0.7939733333
808	0.4476606301	0.7939466667
809	0.447639559	0.7940266667
810	0.447622152	0.794
811	0.4476048732	0.79408
812	0.4475905641	0.7940266667
813	0.447579193	0.7939733333
814	0.447566829	0.7939733333
815	0.4475464987	0.794
816	0.4475257227	0.794
817	0.4475115912	0.7939733333
818	0.4474924542	0.7940266667
819	0.4474529717	0.7940533333
820	0.4474418951	0.7941866667
821	0.447420041	0.79424
822	0.4473726209	0.7941333333
823	0.4473509315	0.7942666667
824	0.447328691	0.7942666667
825	0.4472994594	0.79416
826	0.4472746046	0.7942133333
827	0.4472628132	0.79416
828	0.4472500048	0.7941866667
829	0.4472301307	0.7942666667
830	0.4472009553	0.7942933333
831	0.4471880541	0.7944
832	0.447161643	0.7942933333
833	0.4471437772	0.7942666667
834	0.4471228109	0.7943733333
835	0.4471015661	0.7942933333
836	0.4470809828	0.7942666667
837	0.4470669888	0.7941866667
838	0.4470439218	0.79416
839	0.4470182276	0.7941866667
840	0.4469977283	0.7941333333
841	0.4469821885	0.7941333333
842	0.4469713937	0.7941333333
843	0.4469551624	0.7941333333
844	0.4469463657	0.7941333333
845	0.446927729	0.7941333333
846	0.4469144536	0.7941066667
847	0.4468358494	0.79424
848	0.446822608	0.7941866667
849	0.4468009166	0.79416
850	0.4467898049	0.7941866667
851	0.4467692501	0.79424
852	0.4467521454	0.79424
853	0.4467313267	0.7942933333
854	0.4467132378	0.7943466667
855	0.4466753721	0.79416
856	0.4466626975	0.79424
857	0.4466411563	0.7942933333
858	0.4466174915	0.7944
859	0.4466025983	0.7943733333
860	0.4465757205	0.7943466667
861	0.4465529346	0.7942933333
862	0.4464998812	0.7942933333
863	0.446476892	0.79424
864	0.4464763003	0.79424
865	0.4464620206	0.79432
866	0.4464447458	0.7942666667
867	0.446432841	0.7942666667
868	0.4464221308	0.79424
869	0.4464148171	0.79424
870	0.4463996006	0.79432
871	0.4463791328	0.79432
872	0.4463684801	0.7943466667
873	0.4463512455	0.79432
874	0.4463149015	0.79432
875	0.4462990419	0.7942666667
876	0.4462755557	0.7942133333
877	0.4462573192	0.7941866667
878	0.4462445422	0.7942666667
879	0.4462212101	0.7942133333
880	0.4461767977	0.7942666667
881	0.4461641657	0.7942666667
882	0.4461489913	0.79424
883	0.446132338	0.79416
884	0.4460405054	0.7941866667
885	0.4460284739	0.79416
886	0.4460097858	0.79424
887	0.4459924606	0.7942666667
888	0.4459839711	0.7942933333
889	0.4459399156	0.7942666667
890	0.4459117136	0.7943466667
891	0.4458844099	0.7942933333
892	0.4458630225	0.7943466667
893	0.4458467891	0.7943733333
894	0.4458268059	0.7943466667
895	0.4458127713	0.7942933333
896	0.4457805333	0.79432
897	0.4457655319	0.79432
898	0.445749017	0.7942933333
899	0.4457386119	0.7942933333
900	0.4457060058	0.7944533333
901	0.4456941909	0.7944266667
902	0.4456738859	0.7944533333
903	0.4456547072	0.7944266667
904	0.445639269	0.79448
905	0.4455707701	0.79448
906	0.4455545772	0.7945066667
907	0.4455289549	0.7945066667
908	0.4455125311	0.79448
909	0.4455000344	0.7945066667
910	0.4454901049	0.7945066667
911	0.4454756405	0.79456
912	0.4454635082	0.7946133333
913	0.4454467392	0.7945866667
914	0.4454188811	0.79456
915	0.4454005443	0.7945866667
916	0.4453893334	0.7945866667
917	0.4453487996	0.79464
918	0.4453355631	0.7946666667
919	0.4453093411	0.7946933333
920	0.445304539	0.7946933333
921	0.4452972443	0.7946933333
922	0.4452765272	0.7947466667
923	0.4452578585	0.7946933333
924	0.4452369315	0.79472
925	0.4452232813	0.7946666667
926	0.4452056677	0.7945866667
927	0.4451831564	0.7946666667
928	0.4451614809	0.7947733333
929	0.4451378417	0.7947733333
930	0.4451170167	0.79472
931	0.4450940573	0.7947466667
932	0.4450759589	0.7948
933	0.4450458747	0.7947733333
934	0.4450231665	0.7947466667
935	0.4450097237	0.7947466667
936	0.4449898788	0.7948
937	0.4449803013	0.7948266667
938	0.4449661183	0.7949333333
939	0.4449507169	0.7948533333
940	0.44493289	0.7948266667
941	0.4448841275	0.7947733333
942	0.444866337	0.7948
943	0.444850149	0.7948
944	0.4448286146	0.79472
945	0.4448058394	0.7947733333
946	0.4447868121	0.7948
947	0.4447627338	0.7947733333
948	0.4447439288	0.7948266667
949	0.4447361906	0.7948533333
950	0.4447190076	0.7948533333
951	0.444700243	0.7948266667
952	0.4446842038	0.7949066667
953	0.444657023	0.7948533333
954	0.4446366391	0.79504
955	0.4445949873	0.7950133333
956	0.444574235	0.7950133333
957	0.4445419761	0.79496
958	0.4445166336	0.79488
959	0.4444919803	0.7949866667
960	0.4444733794	0.7950666667
961	0.4444538924	0.7950933333
962	0.4444369591	0.79504
963	0.4444136806	0.7949866667
964	0.4443984813	0.79496
965	0.4443572919	0.7949866667
966	0.4443512641	0.7949866667
967	0.4443394302	0.7950666667
968	0.4443229172	0.7949333333
969	0.4443159484	0.79496
970	0.4443006358	0.7950133333
971	0.4442800468	0.7950133333
972	0.444259266	0.7950133333
973	0.4442362716	0.7950133333
974	0.4442247533	0.7949866667
975	0.4442077649	0.79504
976	0.4441888243	0.7950133333
977	0.4441544141	0.7950133333
978	0.4441395263	0.7950133333
979	0.4441179031	0.7949866667
980	0.4441015582	0.7950133333
981	0.4440863554	0.79504
982	0.4440737129	0.7949866667
983	0.4440619233	0.79504
984	0.4440383404	0.79496
985	0.44401771	0.7951466667
986	0.4439791062	0.7950933333
987	0.4439677097	0.7949866667
988	0.4439551215	0.7950666667
989	0.4439380192	0.7951733333
990	0.443927351	0.7950933333
991	0.4439059809	0.7951466667
992	0.4438976041	0.7952266667
993	0.4438759046	0.7952266667
994	0.4438514646	0.79528
995	0.4438265757	0.7953866667
996	0.4438087626	0.7953866667
997	0.4437995321	0.7953333333
998	0.4437867772	0.7953066667
999	0.4437639342	0.79536
